id_transacao,id_cliente,categoria,valor
1001,1,Livros,115.07
1002,1,Alimentos,159.24
1003,1,Casa,120.21
1004,1,Alimentos,33.5
1005,1,Alimentos,175.24
1006,1,Livros,34.29
1007,1,Alimentos,18.81
1008,1,Roupas,227.72
1009,1,Roupas,87.27
1010,1,Casa,327.87
1011,1,Roupas,176.44
1012,1,Livros,22.31
1013,1,Alimentos,128.19
1014,1,Roupas,52.13
1015,2,Alimentos,85.76
1016,2,Livros,79.24
1017,2,Alimentos,174.09
1018,2,Casa,252.72
1019,2,Roupas,286.71
1020,3,Roupas,140.21
1021,3,Roupas,65.39
1022,3,Livros,44.1
1023,3,Livros,32.2
1024,3,Casa,424.94
1025,3,Alimentos,183.22
1026,3,Livros,38.22
1027,3,Livros,51.17
1028,3,Roupas,187.6
1029,3,Casa,486.31
1030,3,Roupas,156.94
1031,3,Roupas,272.66
1032,3,Livros,24.52
1033,3,Casa,224.9
1034,3,Roupas,180.32
1035,3,Roupas,290.97
1036,3,Livros,74.27
1037,3,Eletronicos,461.09
1038,3,Casa,83.55
1039,4,Eletronicos,358.65
1040,4,Alimentos,51.79
1041,5,Alimentos,161.18
1042,5,Alimentos,28.7
1043,5,Roupas,70.13
1044,5,Eletronicos,804.46
1045,5,Roupas,64.81
1046,5,Casa,378.32
1047,5,Alimentos,118.83
1048,5,Alimentos,37.12
1049,5,Alimentos,155.75
1050,5,Roupas,101.36
1051,5,Alimentos,111.71
1052,5,Roupas,46.61
1053,5,Casa,140.77
1054,5,Eletronicos,480.07
1055,5,Livros,110.76
1056,6,Alimentos,52.57
1057,6,Casa,84.64
1058,6,Alimentos,143.54
1059,6,Livros,112.97
1060,6,Casa,183.04
1061,6,Casa,442.16
1062,7,Livros,38.66
1063,7,Alimentos,75.0
1064,7,Livros,55.63
1065,7,Eletronicos,435.74
1066,7,Alimentos,94.01
1067,7,Livros,55.26
1068,7,Alimentos,16.29
1069,7,Alimentos,92.22
1070,7,Casa,361.6
1071,7,Roupas,127.78
1072,7,Alimentos,74.79
1073,7,Eletronicos,574.03
1074,7,Eletronicos,416.61
1075,7,Livros,45.18
1076,7,Roupas,225.19
1077,7,Casa,178.18
1078,7,Eletronicos,430.12
1079,7,Roupas,170.7
1080,7,Casa,205.28
1081,8,Alimentos,140.93
1082,8,Casa,270.25
1083,9,Livros,28.09
1084,9,Alimentos,59.8
1085,9,Casa,334.54
1086,9,Alimentos,166.04
1087,9,Eletronicos,308.25
1088,9,Alimentos,49.51
1089,9,Casa,436.26
1090,9,Livros,87.76
1091,9,Alimentos,146.56
1092,9,Alimentos,79.5
1093,9,Livros,114.05
1094,9,Roupas,257.8
1095,9,Alimentos,78.1
1096,10,Roupas,280.42
1097,10,Roupas,107.06
1098,11,Roupas,295.36
1099,11,Livros,72.97
1100,11,Roupas,299.03
1101,11,Livros,75.83
1102,11,Alimentos,49.91
1103,11,Eletronicos,516.67
1104,11,Alimentos,173.42
1105,11,Eletronicos,824.13
1106,11,Alimentos,188.09
1107,11,Livros,109.86
1108,11,Livros,78.07
1109,11,Eletronicos,846.68
1110,11,Casa,177.76
1111,11,Roupas,166.26
1112,11,Alimentos,135.61
1113,11,Eletronicos,334.72
1114,11,Livros,43.72
1115,11,Casa,130.47
1116,11,Alimentos,136.66
1117,12,Livros,70.88
1118,12,Casa,269.03
1119,13,Alimentos,95.36
1120,13,Casa,276.19
1121,13,Livros,86.89
1122,13,Eletronicos,355.01
1123,13,Casa,274.64
1124,13,Livros,22.43
1125,13,Eletronicos,195.78
1126,13,Livros,114.05
1127,13,Casa,175.8
1128,13,Alimentos,153.33
1129,13,Casa,467.74
1130,13,Eletronicos,730.4
1131,13,Alimentos,196.36
1132,13,Livros,49.44
1133,13,Casa,135.91
1134,14,Alimentos,46.36
1135,14,Eletronicos,564.43
1136,15,Roupas,281.8
1137,15,Roupas,199.9
1138,15,Roupas,106.08
1139,15,Roupas,268.12
1140,15,Eletronicos,1041.1
1141,15,Eletronicos,887.61
1142,15,Casa,183.43
1143,15,Roupas,250.63
1144,15,Eletronicos,792.09
1145,15,Livros,71.13
1146,15,Eletronicos,809.29
1147,15,Livros,85.0
1148,15,Livros,108.66
1149,16,Roupas,64.44
1150,16,Alimentos,101.14
1151,16,Casa,427.52
1152,16,Roupas,47.93
1153,16,Livros,23.88
1154,17,Alimentos,38.51
1155,17,Eletronicos,1019.26
1156,17,Livros,41.58
1157,17,Casa,255.77
1158,17,Casa,137.47
1159,17,Alimentos,132.92
1160,17,Livros,33.27
1161,17,Roupas,174.24
1162,17,Alimentos,162.11
1163,17,Alimentos,96.21
1164,17,Roupas,46.59
1165,17,Casa,86.39
1166,17,Eletronicos,872.92
1167,18,Roupas,277.96
1168,18,Roupas,102.34
1169,19,Eletronicos,843.21
1170,19,Casa,337.22
1171,19,Casa,382.05
1172,19,Casa,325.27
1173,19,Alimentos,60.83
1174,19,Alimentos,155.2
1175,19,Eletronicos,508.97
1176,19,Livros,24.6
1177,19,Eletronicos,476.98
1178,19,Livros,37.53
1179,19,Roupas,238.47
1180,19,Casa,263.06
1181,19,Eletronicos,637.91
1182,20,Roupas,200.12
1183,20,Casa,449.01
1184,20,Livros,57.46
1185,20,Roupas,282.69
1186,20,Eletronicos,716.35
1187,20,Casa,123.32
1188,21,Roupas,46.89
1189,21,Alimentos,163.18
1190,21,Livros,58.82
1191,21,Livros,32.85
1192,21,Casa,295.53
1193,21,Casa,331.67
1194,21,Eletronicos,1159.25
1195,21,Roupas,93.74
1196,21,Casa,81.21
1197,21,Roupas,50.13
1198,21,Roupas,217.58
1199,21,Eletronicos,838.51
1200,21,Casa,430.19
1201,21,Roupas,128.56
1202,21,Alimentos,67.14
1203,22,Roupas,221.15
1204,22,Casa,471.49
1205,22,Livros,61.79
1206,22,Casa,176.92
1207,22,Roupas,150.1
1208,23,Alimentos,198.24
1209,23,Livros,57.2
1210,23,Casa,157.37
1211,23,Casa,382.96
1212,23,Alimentos,34.08
1213,23,Eletronicos,711.04
1214,23,Livros,102.65
1215,23,Casa,452.99
1216,23,Eletronicos,206.16
1217,23,Casa,457.42
1218,23,Livros,55.49
1219,23,Livros,115.01
1220,23,Livros,77.34
1221,23,Casa,91.27
1222,23,Livros,52.87
1223,24,Casa,388.57
1224,24,Eletronicos,269.14
1225,24,Casa,272.49
1226,24,Roupas,154.8
1227,25,Casa,207.91
1228,25,Roupas,291.85
1229,25,Eletronicos,949.59
1230,25,Livros,106.69
1231,25,Casa,150.16
1232,25,Eletronicos,1012.95
1233,25,Roupas,78.12
1234,25,Casa,88.18
1235,25,Alimentos,122.54
1236,25,Casa,216.79
1237,25,Livros,43.67
1238,25,Eletronicos,771.48
1239,25,Livros,57.63
1240,25,Alimentos,158.77
1241,26,Alimentos,61.01
1242,26,Alimentos,35.57
1243,26,Alimentos,61.93
1244,26,Roupas,161.85
1245,26,Roupas,232.65
1246,26,Casa,420.26
1247,26,Eletronicos,865.09
1248,27,Eletronicos,543.61
1249,27,Eletronicos,237.04
1250,27,Eletronicos,384.78
1251,27,Roupas,43.16
1252,27,Casa,69.42
1253,27,Casa,69.53
1254,27,Casa,496.83
1255,27,Casa,163.85
1256,27,Alimentos,194.32
1257,27,Roupas,83.22
1258,27,Eletronicos,880.54
1259,27,Eletronicos,808.94
1260,27,Alimentos,181.71
1261,27,Eletronicos,1111.02
1262,27,Roupas,287.11
1263,27,Livros,30.68
1264,27,Casa,174.82
1265,27,Livros,84.68
1266,27,Roupas,99.64
1267,28,Livros,56.03
1268,28,Livros,118.62
1269,28,Eletronicos,443.75
1270,28,Casa,416.21
1271,28,Livros,47.1
1272,29,Casa,473.24
1273,29,Alimentos,149.26
1274,29,Eletronicos,589.16
1275,29,Roupas,183.41
1276,29,Casa,61.87
1277,29,Eletronicos,966.48
1278,29,Roupas,296.69
1279,29,Eletronicos,545.58
1280,29,Roupas,139.03
1281,29,Alimentos,170.79
1282,30,Eletronicos,642.13
1283,30,Alimentos,39.76
1284,30,Casa,75.37
1285,30,Livros,101.29
1286,30,Casa,498.49
1287,30,Casa,313.32
1288,31,Casa,390.69
1289,31,Alimentos,60.76
1290,31,Eletronicos,285.62
1291,31,Alimentos,65.83
1292,31,Livros,42.86
1293,31,Eletronicos,944.85
1294,31,Roupas,133.12
1295,31,Roupas,169.52
1296,31,Alimentos,111.23
1297,31,Livros,101.64
1298,31,Livros,76.09
1299,31,Alimentos,89.64
1300,32,Casa,337.71
1301,32,Alimentos,54.4
1302,32,Livros,118.05
1303,32,Roupas,193.38
1304,32,Alimentos,31.84
1305,32,Roupas,130.55
1306,33,Eletronicos,972.84
1307,33,Livros,49.8
1308,33,Roupas,264.21
1309,33,Casa,408.41
1310,33,Roupas,280.91
1311,33,Roupas,239.92
1312,33,Livros,65.91
1313,33,Roupas,201.41
1314,33,Roupas,125.48
1315,33,Alimentos,122.24
1316,33,Alimentos,29.03
1317,33,Eletronicos,633.13
1318,33,Alimentos,40.68
1319,34,Livros,54.57
1320,34,Alimentos,176.75
1321,34,Alimentos,138.5
1322,34,Roupas,196.5
1323,34,Alimentos,22.56
1324,35,Roupas,112.43
1325,35,Casa,64.31
1326,35,Eletronicos,711.14
1327,35,Livros,40.63
1328,35,Roupas,73.47
1329,35,Roupas,219.5
1330,35,Eletronicos,246.91
1331,35,Eletronicos,872.17
1332,35,Alimentos,185.36
1333,35,Casa,51.17
1334,35,Livros,100.62
1335,35,Eletronicos,777.14
1336,36,Roupas,237.59
1337,36,Roupas,234.34
1338,36,Alimentos,61.7
1339,36,Alimentos,180.61
1340,36,Alimentos,113.44
1341,37,Roupas,132.08
1342,37,Alimentos,59.86
1343,37,Eletronicos,924.28
1344,37,Livros,22.01
1345,37,Eletronicos,1032.75
1346,37,Roupas,179.19
1347,37,Eletronicos,1085.05
1348,37,Livros,67.4
1349,37,Roupas,245.18
1350,38,Roupas,62.6
1351,38,Roupas,185.01
1352,38,Eletronicos,742.68
1353,38,Roupas,113.78
1354,38,Livros,84.59
1355,38,Roupas,103.53
1356,39,Casa,198.66
1357,39,Eletronicos,399.09
1358,39,Casa,118.79
1359,39,Livros,105.08
1360,39,Eletronicos,234.25
1361,39,Alimentos,18.37
1362,39,Casa,492.07
1363,39,Roupas,189.76
1364,39,Alimentos,175.12
1365,39,Eletronicos,665.29
1366,39,Alimentos,166.86
1367,39,Roupas,184.76
1368,39,Roupas,112.79
1369,39,Livros,40.51
1370,39,Roupas,124.16
1371,39,Alimentos,51.91
1372,39,Livros,44.24
1373,39,Eletronicos,791.15
1374,40,Casa,277.75
1375,40,Livros,52.06
1376,40,Alimentos,24.59
1377,40,Roupas,158.11
1378,40,Casa,78.52
1379,40,Livros,40.17
1380,40,Roupas,62.85
1381,41,Eletronicos,948.24
1382,41,Alimentos,102.54
1383,41,Alimentos,79.54
1384,41,Eletronicos,1043.26
1385,41,Livros,116.5
1386,41,Casa,378.89
1387,41,Eletronicos,365.25
1388,41,Alimentos,27.3
1389,41,Livros,104.18
1390,41,Alimentos,162.12
1391,41,Livros,36.37
1392,41,Casa,133.88
1393,42,Alimentos,132.25
1394,42,Livros,51.62
1395,42,Roupas,142.04
1396,42,Alimentos,130.46
1397,43,Eletronicos,393.82
1398,43,Eletronicos,561.06
1399,43,Roupas,181.32
1400,43,Alimentos,115.43
1401,43,Alimentos,131.13
1402,43,Roupas,76.21
1403,43,Casa,272.94
1404,43,Alimentos,160.89
1405,44,Eletronicos,477.31
1406,44,Casa,400.36
1407,44,Eletronicos,185.21
1408,44,Roupas,238.24
1409,44,Alimentos,154.61
1410,44,Casa,99.78
1411,44,Livros,65.7
1412,45,Casa,292.94
1413,45,Casa,153.16
1414,45,Livros,97.19
1415,45,Alimentos,133.61
1416,45,Alimentos,119.62
1417,45,Roupas,105.47
1418,45,Casa,422.06
1419,45,Roupas,129.06
1420,45,Roupas,286.29
1421,45,Livros,111.19
1422,45,Roupas,198.98
1423,46,Alimentos,187.44
1424,46,Livros,111.88
1425,46,Casa,465.12
1426,46,Roupas,240.52
1427,46,Roupas,57.92
1428,47,Casa,96.91
1429,47,Eletronicos,1121.85
1430,47,Eletronicos,268.9
1431,47,Casa,124.48
1432,47,Livros,32.47
1433,47,Eletronicos,498.75
1434,47,Alimentos,124.39
1435,47,Casa,220.69
1436,47,Casa,200.84
1437,47,Livros,98.78
1438,48,Eletronicos,269.98
1439,48,Livros,73.74
1440,48,Alimentos,185.75
1441,49,Roupas,165.02
1442,49,Alimentos,98.66
1443,49,Alimentos,21.08
1444,49,Alimentos,41.06
1445,49,Eletronicos,673.29
1446,49,Casa,461.68
1447,49,Eletronicos,969.52
1448,49,Alimentos,131.97
1449,49,Livros,41.27
1450,49,Eletronicos,336.94
1451,49,Livros,65.9
1452,49,Livros,61.46
1453,49,Livros,73.51
1454,49,Eletronicos,464.58
1455,50,Alimentos,53.83
1456,50,Alimentos,79.64
1457,50,Casa,331.24
1458,50,Casa,262.43
1459,50,Alimentos,27.16
1460,50,Alimentos,98.86
